IMG_20190323_115217.jpg;0.9233352219087829
IMG_20190323_115222.jpg;0.9364760470934682
IMG_20190323_115237.jpg;0.85310324531769
IMG_20190323_115244.jpg;0.8321326874022524
IMG_20190323_115249.jpg;0.9584073156325075
IMG_20190323_115256.jpg;0.9921190121098608
IMG_20190323_115301.jpg;0.5486485241963357
IMG_20190323_115313.jpg;0.7235749202516744
IMG_20190323_115319.jpg;0.9022449496431397
IMG_20190323_115325.jpg;0.6516939482010901
IMG_20190323_115334.jpg;0.8505057724835253
IMG_20190323_115351.jpg;0.7238932390174017
IMG_20190323_115356.jpg;0.691411366948099
IMG_20190323_115403.jpg;0.2391408543154315
IMG_20190323_115411.jpg;0.5448332140256057
IMG_20190323_115416.jpg;0.33658204171488465
IMG_20190323_115433.jpg;0.6083835188740762
IMG_20190323_115444.jpg;0.7855926601628792
IMG_20190323_115509.jpg;0.9886072386911563
IMG_20190323_115515.jpg;0.860143462755669
IMG_20190323_115520.jpg;0.8177425934516793
IMG_20190323_115648.jpg;0.5806458406558243
IMG_20190323_115715.jpg;0.9976940011079212
IMG_20190323_115723.jpg;0.954550616175951
IMG_20190323_115729.jpg;0.9174355789131632
IMG_20190323_115734.jpg;0.9711186140867577
IMG_20190323_115742.jpg;0.7791782229570441
IMG_20190323_115747.jpg;0.9933320846410834
IMG_20190323_115808.jpg;0.8473395736147564
IMG_20190323_115813.jpg;0.9496078365375814
IMG_20190323_115822.jpg;0.9809582940536399
IMG_20190323_115840.jpg;0.7809132164817948
IMG_20190323_115852.jpg;0.09180345337600844
IMG_20190323_115911.jpg;0.90303093519006
IMG_20190323_115916.jpg;0.6324689408430603
IMG_20190323_115919.jpg;0.41030269672721037
IMG_20190323_115924.jpg;0.8135593130710461
IMG_20190323_115940.jpg;0.35809075818557384
IMG_20190323_115950.jpg;0.9241762534189946
IMG_20190323_115959.jpg;0.9863872589805704
IMG_20190323_120008.jpg;0.9771793466623911
IMG_20190323_120015.jpg;0.9254694467389024
IMG_20190323_120040.jpg;0.8553745514720146
IMG_20190323_120044.jpg;0.9306635626589139
IMG_20190323_120053.jpg;0.8824717631920349
IMG_20190323_120110.jpg;0.49004430951301875
IMG_20190323_120118.jpg;0.8513043190302517
IMG_20190323_120122.jpg;0.6604886524223611
IMG_20190323_120135.jpg;0.989795124093698
IMG_20190323_120141.jpg;0.9783054019426772
IMG_20190323_120144.jpg;0.7763156337777142
IMG_20190323_120146.jpg;0.8849629974119168
IMG_20190323_120150.jpg;0.1516283334681669
IMG_20190323_120201.jpg;0.12107780286527749
IMG_20190323_120210.jpg;0.9984548659891109
IMG_20190323_120226.jpg;0.9528086623312098
IMG_20190323_120231.jpg;0.9806461418585853
IMG_20190323_120243.jpg;0.9927478536559496
IMG_20190323_120248.jpg;0.9911749425885007
IMG_20190323_120253.jpg;0.9929259528170543
IMG_20190323_120301.jpg;0.9723052297065949
IMG_20190323_120304.jpg;0.9858025252934158
IMG_20190323_120309.jpg;0.9952959935498253
IMG_20190323_120318.jpg;0.6562451400481034
