IMG_20190323_111717.jpg;0.8184961386365064
IMG_20190323_111739.jpg;0.002427028071895068
IMG_20190323_111804.jpg;0.750301872962655
IMG_20190323_111817.jpg;0.2937629395805032
IMG_20190323_111828.jpg;0.5634777275289794
IMG_20190323_111837.jpg;0.741420536366283
IMG_20190323_111845.jpg;0.3837048157732528
IMG_20190323_111852.jpg;0.9748998960762405
IMG_20190323_111858.jpg;0.9971043620197823
IMG_20190323_111906.jpg;0.04798345948703037
IMG_20190323_111915.jpg;0.09307905425409616

IMG_20190323_112012.jpg;0.4268238878537834
IMG_20190323_112018.jpg;0.020526293552092637
IMG_20190323_112026.jpg;0.8825328813349252
IMG_20190323_112045.jpg;0.09838296743498788
IMG_20190323_112058.jpg;0.05147904341480001
IMG_20190323_112113.jpg;0.44027288906337425
IMG_20190323_112120.jpg;0.3002048831973341
IMG_20190323_112130.jpg;0.3128212206781759
IMG_20190323_112135.jpg;0.10504164767969676
IMG_20190323_112147.jpg;0.7090163281223859
IMG_20190323_112153.jpg;0.04033674944393098
IMG_20190323_112200.jpg;0.6743641801622604
IMG_20190323_112206.jpg;0.4878283722857244
IMG_20190323_112211.jpg;0.991814680118644
IMG_20190323_112217.jpg;0.9811841919860161
IMG_20190323_112228.jpg;0.9896636850744459
IMG_20190323_112235.jpg;0.755062044502529

IMG_20190323_112625.jpg;0.9888316626199396
IMG_20190323_112639.jpg;0.8241019998024538
IMG_20190323_112652.jpg;0.803832223175873
IMG_20190323_112706.jpg;0.8436843289839558
IMG_20190323_112715.jpg;0.7788623265653454
IMG_20190323_112728.jpg;0.8807508004743642
IMG_20190323_112737.jpg;0.0
IMG_20190323_112747.jpg;0.8913074162176331
IMG_20190323_112800.jpg;0.9482634912058283

IMG_20190323_112904.jpg;0.5313121810336394
IMG_20190323_112910.jpg;0.8253797200260167
IMG_20190323_112917.jpg;0.8616741851003675
IMG_20190323_112923.jpg;0.9338457147147492
IMG_20190323_112927.jpg;0.9613391154914406
IMG_20190323_112938.jpg;0.3648505347441131
IMG_20190323_112947.jpg;0.5453038111241423
IMG_20190323_112956.jpg;0.9743204009959447
IMG_20190323_113018.jpg;0.9085718211482295
IMG_20190323_113025.jpg;0.9450236110134399

IMG_20190323_113057.jpg;0.7966267141009532
IMG_20190323_113103.jpg;0.8242467300870636
IMG_20190323_113114.jpg;0.9175415466476722
IMG_20190323_113121.jpg;0.844077786687477
IMG_20190323_113129.jpg;0.8930274728847989
IMG_20190323_113134.jpg;0.9382437850429958
IMG_20190323_113141.jpg;0.6539762494223795
IMG_20190323_113148.jpg;0.6874722972167328
IMG_20190323_113202.jpg;0.7530057591123942
IMG_20190323_113208.jpg;0.40393910088978724
IMG_20190323_113216.jpg;0.8747765926208756

IMG_20190323_113257.jpg;0.9931889594177644
IMG_20190323_113303.jpg;0.963194918118183
IMG_20190323_113309.jpg;0.7985427532121577
IMG_20190323_113317.jpg;0.7766294319736975
IMG_20190323_113333.jpg;0.8050661341522111
IMG_20190323_113340.jpg;0.9492475820064857
IMG_20190323_113346.jpg;0.7923224406847166
IMG_20190323_113351.jpg;0.9361948389110968
IMG_20190323_113355.jpg;0.9843066305083918
IMG_20190323_113401.jpg;0.8400095432527842

IMG_20190323_113653.jpg;0.8125530123486077
IMG_20190323_113701.jpg;0.7958865754011326
IMG_20190323_113728.jpg;0.868743030843679
IMG_20190323_113734.jpg;0.8887919493728296
IMG_20190323_113739.jpg;0.8476573827200808
IMG_20190323_113745.jpg;0.9632766597855786

IMG_20190323_113818.jpg;0.9784050188002884
IMG_20190323_113824.jpg;0.6744412032731261
IMG_20190323_113829.jpg;0.6375891174412545
IMG_20190323_113834.jpg;0.815596164996433
IMG_20190323_113840.jpg;0.8487455794443155
IMG_20190323_113846.jpg;0.9056123096050723
IMG_20190323_113859.jpg;0.8128484627741421
IMG_20190323_113904.jpg;0.8492812587365662
IMG_20190323_113909.jpg;0.7720277444197892
IMG_20190323_113915.jpg;0.9092272503356995
IMG_20190323_113920.jpg;0.8797287043717581
IMG_20190323_113924.jpg;0.9005634848252663
IMG_20190323_113933.jpg;0.8111170541718675
IMG_20190323_113938.jpg;0.9563964714468443

IMG_20190323_114030.jpg;0.9234153294649049
IMG_20190323_114036.jpg;0.9115824243407064
IMG_20190323_114042.jpg;0.9456970272523274
IMG_20190323_114048.jpg;0.6398064915934141
IMG_20190323_114053.jpg;0.5698657841509264
IMG_20190323_114059.jpg;0.8878248692177813
IMG_20190323_114105.jpg;0.9237636711897621
IMG_20190323_114113.jpg;0.8979298528057161
IMG_20190323_114121.jpg;0.8175717026732919
IMG_20190323_114127.jpg;0.8328124538895522

IMG_20190323_114244.jpg;0.26758046895293336

IMG_20190323_114444.jpg;0.781806861189669
IMG_20190323_114450.jpg;0.8433083208225864
IMG_20190323_114502.jpg;0.8686805813432344
IMG_20190323_114519.jpg;0.9053632333273676
IMG_20190323_114528.jpg;0.8160439016011658
IMG_20190323_114535.jpg;0.8279425388670033
IMG_20190323_114542.jpg;0.828147585085054
IMG_20190323_114551.jpg;0.7944481908202391
IMG_20190323_114601.jpg;0.8517238853038454
IMG_20190323_114619.jpg;0.728829648400715
IMG_20190323_114629.jpg;0.7686279316193443
IMG_20190323_114634.jpg;1.3196892058764518
IMG_20190323_114642.jpg;0.8462815132107383

IMG_20190323_114720.jpg;0.8201973135614078
IMG_20190323_114730.jpg;0.6775243990194022
IMG_20190323_114742.jpg;0.9484943256497356
IMG_20190323_114750.jpg;0.7313633829294273
IMG_20190323_114800.jpg;0.6186001305462052
IMG_20190323_114807.jpg;0.9336705358287907
IMG_20190323_114815.jpg;0.847107014737418
IMG_20190323_114826.jpg;0.8601983525388971
IMG_20190323_114836.jpg;0.944432815519288
IMG_20190323_114845.jpg;0.9122159359812689
IMG_20190323_114853.jpg;0.7525334136487501
IMG_20190323_114910.jpg;0.27106194819179363
IMG_20190323_114917.jpg;0.797633477313867
IMG_20190323_114924.jpg;0.7314658001391627
IMG_20190323_114931.jpg;0.8730685890603253
IMG_20190323_115011.jpg;0.5758811150795203

IMG_20190323_115217.jpg;0.9233352219087829
IMG_20190323_115222.jpg;0.9364760470934682
IMG_20190323_115237.jpg;0.85310324531769
IMG_20190323_115244.jpg;0.8321326874022524
IMG_20190323_115249.jpg;0.9584073156325075
IMG_20190323_115256.jpg;0.9921190121098608
IMG_20190323_115301.jpg;0.5486485241963357
IMG_20190323_115313.jpg;0.7235749202516744
IMG_20190323_115319.jpg;0.9022449496431397
IMG_20190323_115325.jpg;0.6516939482010901
IMG_20190323_115334.jpg;0.8505057724835253
IMG_20190323_115351.jpg;0.7238932390174017
IMG_20190323_115356.jpg;0.691411366948099
IMG_20190323_115403.jpg;0.2391408543154315
IMG_20190323_115411.jpg;0.5448332140256057
IMG_20190323_115416.jpg;0.33658204171488465
IMG_20190323_115433.jpg;0.6083835188740762
IMG_20190323_115444.jpg;0.7855926601628792
IMG_20190323_115509.jpg;0.9886072386911563
IMG_20190323_115515.jpg;0.860143462755669
IMG_20190323_115520.jpg;0.8177425934516793
IMG_20190323_115648.jpg;0.5806458406558243
IMG_20190323_115715.jpg;0.9976940011079212
IMG_20190323_115723.jpg;0.954550616175951
IMG_20190323_115729.jpg;0.9174355789131632
IMG_20190323_115734.jpg;0.9711186140867577
IMG_20190323_115742.jpg;0.7791782229570441
IMG_20190323_115747.jpg;0.9933320846410834
IMG_20190323_115808.jpg;0.8473395736147564
IMG_20190323_115813.jpg;0.9496078365375814
IMG_20190323_115822.jpg;0.9809582940536399
IMG_20190323_115840.jpg;0.7809132164817948
IMG_20190323_115852.jpg;0.09180345337600844
IMG_20190323_115911.jpg;0.90303093519006
IMG_20190323_115916.jpg;0.6324689408430603
IMG_20190323_115919.jpg;0.41030269672721037
IMG_20190323_115924.jpg;0.8135593130710461
IMG_20190323_115940.jpg;0.35809075818557384
IMG_20190323_115950.jpg;0.9241762534189946
IMG_20190323_115959.jpg;0.9863872589805704
IMG_20190323_120008.jpg;0.9771793466623911
IMG_20190323_120015.jpg;0.9254694467389024
IMG_20190323_120040.jpg;0.8553745514720146
IMG_20190323_120044.jpg;0.9306635626589139
IMG_20190323_120053.jpg;0.8824717631920349
IMG_20190323_120110.jpg;0.49004430951301875
IMG_20190323_120118.jpg;0.8513043190302517
IMG_20190323_120122.jpg;0.6604886524223611
IMG_20190323_120135.jpg;0.989795124093698
IMG_20190323_120141.jpg;0.9783054019426772
IMG_20190323_120144.jpg;0.7763156337777142
IMG_20190323_120146.jpg;0.8849629974119168
IMG_20190323_120150.jpg;0.1516283334681669
IMG_20190323_120201.jpg;0.12107780286527749
IMG_20190323_120210.jpg;0.9984548659891109
IMG_20190323_120226.jpg;0.9528086623312098
IMG_20190323_120231.jpg;0.9806461418585853
IMG_20190323_120243.jpg;0.9927478536559496
IMG_20190323_120248.jpg;0.9911749425885007
IMG_20190323_120253.jpg;0.9929259528170543
IMG_20190323_120301.jpg;0.9723052297065949
IMG_20190323_120304.jpg;0.9858025252934158
IMG_20190323_120309.jpg;0.9952959935498253
IMG_20190323_120318.jpg;0.6562451400481034
