zaal_10/IMG_20190323_113818.jpg;35;145;706;155;681;919;44;918
zaal_10/IMG_20190323_113824.jpg;424;263;990;263;981;688;432;683
zaal_10/IMG_20190323_113829.jpg;310;194;1121;191;1109;865;327;865
zaal_10/IMG_20190323_113834.jpg;101;128;725;132;697;864;117;857
zaal_10/IMG_20190323_113840.jpg;83;178;688;188;672;901;92;902
zaal_10/IMG_20190323_113846.jpg;106;134;668;143;644;905;111;893
zaal_10/IMG_20190323_113859.jpg;273;183;1164;191;1149;826;283;833
zaal_10/IMG_20190323_113904.jpg;92;61;737;81;700;911;114;916
zaal_10/IMG_20190323_113909.jpg;222;126;1169;145;1149;843;246;860
zaal_10/IMG_20190323_113915.jpg;57;91;715;103;678;972;72;970
zaal_10/IMG_20190323_113920.jpg;120;123;664;131;638;830;143;828
zaal_10/IMG_20190323_113924.jpg;109;92;694;104;668;857;135;868
zaal_10/IMG_20190323_113929.jpg;138;189;615;191;592;766;158;769
zaal_10/IMG_20190323_113933.jpg;186;97;1183;115;1169;965;209;993
zaal_10/IMG_20190323_113938.jpg;55;115;678;118;643;922;78;924
zaal_11/IMG_20190323_114030.jpg;81;112;1305;112;1296;996;95;995
zaal_11/IMG_20190323_114036.jpg;202;83;1229;87;1209;933;226;948
zaal_11/IMG_20190323_114042.jpg;141;138;629;138;620;887;157;888
zaal_11/IMG_20190323_114048.jpg;80;61;711;61;683;913;94;905
zaal_11/IMG_20190323_114053.jpg;103;87;715;95;695;897;123;902
zaal_11/IMG_20190323_114059.jpg;100;20;1283;43;1262;982;132;998
zaal_11/IMG_20190323_114105.jpg;131;131;1140;128;1130;887;165;902
zaal_11/IMG_20190323_114113.jpg;140;166;638;172;621;828;158;831
zaal_11/IMG_20190323_114121.jpg;308;222;1030;222;1024;743;319;748
zaal_11/IMG_20190323_114127.jpg;92;106;680;101;649;894;106;871
zaal_12/IMG_20190323_114204.jpg;200;256;563;188;563;766;226;697
zaal_12/IMG_20190323_114216.jpg;316;283;472;192;469;708;317;631
zaal_12/IMG_20190323_114236.jpg;182;98;189;777;555;706;570;188
zaal_12/IMG_20190323_114238.jpg;348;407;337;632;448;615;456;424
zaal_12/IMG_20190323_114244.jpg;268;337;271;692;546;697;547;334
zaal_13/IMG_20190323_114444.jpg;239;166;1183;171;1174;870;249;876
zaal_13/IMG_20190323_114450.jpg;189;967;178;114;1228;114;1220;956
zaal_13/IMG_20190323_114502.jpg;280;148;1188;168;1181;904;279;914
zaal_13/IMG_20190323_114519.jpg;234;169;1184;165;1197;914;256;933
zaal_13/IMG_20190323_114528.jpg;288;205;1118;200;1110;840;300;845
zaal_13/IMG_20190323_114535.jpg;134;154;1292;141;1282;918;162;931
zaal_13/IMG_20190323_114542.jpg;98;131;1322;135;1348;870;91;860
zaal_13/IMG_20190323_114551.jpg;191;120;1237;124;1220;882;202;901
zaal_13/IMG_20190323_114601.jpg;138;81;1262;92;1274;901;126;905
zaal_13/IMG_20190323_114619.jpg;259;141;1209;160;1221;896;251;907
zaal_13/IMG_20190323_114629.jpg;344;162;1147;168;1143;859;354;865
zaal_13/IMG_20190323_114634.jpg;291;108;1141;100;1146;933;307;955
zaal_13/IMG_20190323_114642.jpg;234;163;1245;171;1232;874;245;882
zaal_14/IMG_20190323_114720.jpg;121;882;691;880;671;55;135;57
zaal_14/IMG_20190323_114730.jpg;138;172;614;166;629;748;145;756
zaal_14/IMG_20190323_114742.jpg;70;138;743;137;739;908;75;901
zaal_14/IMG_20190323_114750.jpg;152;75;1243;70;1254;880;143;880
zaal_14/IMG_20190323_114800.jpg;60;140;729;141;702;847;97;843
zaal_14/IMG_20190323_114807.jpg;103;98;1322;81;1334;891;91;893
zaal_14/IMG_20190323_114815.jpg;152;158;702;160;675;789;162;780
zaal_14/IMG_20190323_114826.jpg;183;67;1252;69;1277;1030;171;1033
zaal_14/IMG_20190323_114836.jpg;158;100;1246;104;1263;916;126;922
zaal_14/IMG_20190323_114845.jpg;185;129;1248;129;1251;928;189;961
zaal_14/IMG_20190323_114853.jpg;211;172;1158;172;1164;882;203;882
zaal_14/IMG_20190323_114902.jpg;344;145;541;145;540;760;342;748
zaal_14/IMG_20190323_114910.jpg;254;162;496;163;495;779;251;779
zaal_14/IMG_20190323_114917.jpg;280;205;1047;211;1041;823;286;823
zaal_14/IMG_20190323_114924.jpg;91;157;671;154;675;800;101;816
zaal_14/IMG_20190323_114931.jpg;253;162;1154;171;1152;853;270;857
zaal_14/IMG_20190323_115011.jpg;350;266;1072;259;1063;685;345;678
zaal_15/IMG_20190323_115217.jpg;55;106;728;106;700;911;78;902
zaal_15/IMG_20190323_115222.jpg;109;169;698;182;671;879;123;879
zaal_15/IMG_20190323_115237.jpg;183;103;1191;115;1180;992;191;999
zaal_15/IMG_20190323_115244.jpg;206;111;1203;141;1235;985;169;1005
zaal_15/IMG_20190323_115249.jpg;61;118;774;108;745;891;84;877
zaal_15/IMG_20190323_115256.jpg;251;183;1225;197;1203;847;260;850
zaal_15/IMG_20190323_115301.jpg;307;180;1197;180;1191;779;334;799
zaal_15/IMG_20190323_115313.jpg;177;280;728;296;697;894;188;914
zaal_15/IMG_20190323_115319.jpg;180;158;1166;158;1155;968;180;944
zaal_15/IMG_20190323_115325.jpg;148;183;664;175;726;805;100;813
zaal_15/IMG_20190323_115334.jpg;219;74;1194;86;1167;931;236;939
zaal_15/IMG_20190323_115351.jpg;231;128;1140;132;1143;953;242;950
zaal_15/IMG_20190323_115356.jpg;294;148;1206;135;1204;967;299;964
zaal_15/IMG_20190323_115403.jpg;401;143;1235;146;1198;720;425;726
zaal_15/IMG_20190323_115411.jpg;399;0;465;1078;1334;958;1402;6
zaal_15/IMG_20190323_115416.jpg;268;302;276;641;544;652;549;300
zaal_15/IMG_20190323_115424.jpg;257;228;567;222;546;651;273;627
zaal_15/IMG_20190323_115433.jpg;117;120;604;124;623;880;112;888
zaal_15/IMG_20190323_115444.jpg;143;86;648;63;664;864;151;864
zaal_15/IMG_20190323_115509.jpg;217;135;1197;132;1195;913;234;922
zaal_15/IMG_20190323_115515.jpg;111;216;749;199;732;850;124;834
zaal_15/IMG_20190323_115520.jpg;299;141;1177;138;1242;965;251;987
zaal_15/IMG_20190323_115527.jpg;132;225;1257;209;1223;592;177;598
zaal_15/IMG_20190323_115532.jpg;103;283;1331;265;1274;672;166;678
zaal_15/IMG_20190323_115539.jpg;44;242;1430;226;1351;675;128;681
zaal_15/IMG_20190323_115546.jpg;157;211;1377;225;1297;617;208;623
zaal_15/IMG_20190323_115551.jpg;49;310;1346;285;1291;703;121;745
zaal_15/IMG_20190323_115559.jpg;86;243;1279;259;1215;635;140;640
zaal_15/IMG_20190323_115641.jpg;47;149;1;964;1363;962;1289;108
zaal_15/IMG_20190323_115648.jpg;307;197;265;919;1240;934;1189;186
zaal_15/IMG_20190323_115715.jpg;58;106;759;92;739;882;72;870
zaal_15/IMG_20190323_115723.jpg;157;143;654;155;637;720;165;723
zaal_15/IMG_20190323_115729.jpg;104;162;660;168;651;802;128;800
zaal_15/IMG_20190323_115734.jpg;172;246;631;246;620;742;185;746
zaal_15/IMG_20190323_115742.jpg;126;248;638;242;620;848;128;833
zaal_15/IMG_20190323_115747.jpg;146;246;634;249;623;789;157;789
zaal_15/IMG_20190323_115808.jpg;58;135;726;137;728;925;67;914
zaal_15/IMG_20190323_115813.jpg;141;177;692;186;666;796;151;793
zaal_15/IMG_20190323_115822.jpg;47;140;692;154;661;857;72;857
zaal_15/IMG_20190323_115840.jpg;40;211;527;273;518;776;41;826
zaal_15/IMG_20190323_115852.jpg;206;182;702;137;675;732;223;695
zaal_15/IMG_20190323_115911.jpg;146;83;1275;89;1265;956;154;962
zaal_15/IMG_20190323_115916.jpg;424;282;1044;277;1024;759;453;772
zaal_15/IMG_20190323_115919.jpg;518;316;942;314;958;751;510;756
zaal_15/IMG_20190323_115924.jpg;212;92;1334;92;1328;931;228;953
zaal_15/IMG_20190323_115940.jpg;502;188;1277;203;1266;745;510;760
zaal_15/IMG_20190323_115950.jpg;146;54;1274;94;1282;867;158;913
zaal_15/IMG_20190323_115959.jpg;158;240;655;229;646;817;166;802
zaal_15/IMG_20190323_120008.jpg;57;92;728;87;720;907;87;913
zaal_15/IMG_20190323_120015.jpg;69;132;695;132;681;848;87;848
zaal_15/IMG_20190323_120040.jpg;191;67;1257;60;1254;987;194;982
zaal_15/IMG_20190323_120044.jpg;94;145;751;131;735;870;104;857
zaal_15/IMG_20190323_120053.jpg;60;225;763;220;720;950;114;936
zaal_15/IMG_20190323_120103.jpg;376;251;938;240;908;731;415;745
zaal_15/IMG_20190323_120110.jpg;410;265;442;780;911;726;922;257
zaal_15/IMG_20190323_120118.jpg;132;54;1337;66;1323;941;158;967
zaal_15/IMG_20190323_120122.jpg;214;175;1175;180;1183;947;220;956
zaal_15/IMG_20190323_120135.jpg;128;55;1357;55;1353;1030;135;1026
zaal_15/IMG_20190323_120141.jpg;112;80;1360;69;1357;958;128;967
zaal_15/IMG_20190323_120144.jpg;401;276;1055;286;1022;808;424;802
zaal_15/IMG_20190323_120146.jpg;438;283;1046;290;1053;813;416;803
zaal_15/IMG_20190323_120150.jpg;220;166;257;746;493;894;502;75
zaal_15/IMG_20190323_120201.jpg;188;132;202;826;553;780;586;185
zaal_15/IMG_20190323_120210.jpg;83;166;739;163;734;793;70;774
zaal_15/IMG_20190323_120219.jpg;70;774;149;262;581;293;569;740
zaal_15/IMG_20190323_120226.jpg;225;111;1200;129;1188;921;228;927
zaal_15/IMG_20190323_120231.jpg;57;49;124;843;698;839;757;40
zaal_15/IMG_20190323_120243.jpg;234;83;1103;92;1089;1001;240;1005
zaal_15/IMG_20190323_120248.jpg;35;95;720;97;686;888;63;887
zaal_15/IMG_20190323_120253.jpg;66;178;734;174;712;826;89;823
zaal_15/IMG_20190323_120301.jpg;75;162;694;174;671;850;92;857
zaal_15/IMG_20190323_120304.jpg;134;274;672;270;637;826;165;823
zaal_15/IMG_20190323_120309.jpg;126;262;627;260;612;776;163;782
zaal_15/IMG_20190323_120318.jpg;192;283;208;871;607;887;631;280
zaal_15/IMG_20190323_120324.jpg;200;313;226;902;572;797;569;320
zaal_1/IMG_20190323_111717.jpg;112;70;564;72;564;871;138;882
zaal_1/IMG_20190323_111739.jpg;1046;486;1087;486;1087;538;1047;540
zaal_1/IMG_20190323_111749.jpg;1180;445;1238;447;1238;519;1178;523
zaal_1/IMG_20190323_111804.jpg;60;216;1370;220;1362;828;63;837
zaal_1/IMG_20190323_111817.jpg;117;268;1320;280;1303;634;124;626
zaal_1/IMG_20190323_111828.jpg;126;169;644;171;623;718;141;706
zaal_1/IMG_20190323_111837.jpg;114;155;635;168;606;718;124;706
zaal_1/IMG_20190323_111845.jpg;834;240;1306;239;1305;828;830;834
zaal_1/IMG_20190323_111852.jpg;146;135;637;138;623;828;154;828
zaal_1/IMG_20190323_111858.jpg;143;115;661;104;646;893;155;880
zaal_1/IMG_20190323_111906.jpg;527;416;627;418;624;555;526;552
zaal_1/IMG_20190323_111915.jpg;618;303;806;307;797;581;609;581
zaal_2/IMG_20190323_112012.jpg;817;274;1146;276;1138;709;813;706
zaal_2/IMG_20190323_112018.jpg;101;180;688;169;685;853;121;853
zaal_2/IMG_20190323_112026.jpg;69;151;715;146;705;867;80;860
zaal_2/IMG_20190323_112038.jpg;643;418;862;416;865;561;634;563
zaal_2/IMG_20190323_112045.jpg;294;319;504;316;499;590;300;589
zaal_2/IMG_20190323_112058.jpg;1010;350;1371;356;1366;644;1004;646
zaal_2/IMG_20190323_112107.jpg;114;356;1323;356;1238;575;192;578
zaal_2/IMG_20190323_112113.jpg;253;416;688;424;680;973;223;965
zaal_2/IMG_20190323_112120.jpg;890;266;1294;268;1283;734;885;740
zaal_2/IMG_20190323_112130.jpg;394;171;978;165;988;606;374;604
zaal_2/IMG_20190323_112135.jpg;72;248;268;248;279;515;86;510
zaal_2/IMG_20190323_112141.jpg;195;404;527;398;506;461;219;464
zaal_2/IMG_20190323_112147.jpg;202;145;677;154;657;754;212;751
zaal_2/IMG_20190323_112153.jpg;54;75;768;80;743;913;80;921
zaal_2/IMG_20190323_112200.jpg;61;314;584;313;590;921;69;916
zaal_2/IMG_20190323_112206.jpg;87;114;638;101;641;992;77;1005
zaal_2/IMG_20190323_112211.jpg;277;166;1167;154;1160;885;297;887
zaal_2/IMG_20190323_112217.jpg;128;165;655;169;641;833;140;830
zaal_2/IMG_20190323_112228.jpg;109;225;688;226;674;754;121;757
zaal_2/IMG_20190323_112235.jpg;131;123;635;123;627;902;137;891
zaal_5/IMG_20190323_112625.jpg;98;91;689;91;694;763;100;765
zaal_5/IMG_20190323_112639.jpg;132;33;681;35;688;789;118;796
zaal_5/IMG_20190323_112652.jpg;80;91;686;92;711;853;66;864
zaal_5/IMG_20190323_112706.jpg;109;52;677;49;692;803;97;806
zaal_5/IMG_20190323_112715.jpg;72;61;718;70;743;822;60;831
zaal_5/IMG_20190323_112728.jpg;240;121;1232;115;1254;958;219;948
zaal_5/IMG_20190323_112737.jpg;120;92;694;84;694;776;101;776
zaal_5/IMG_20190323_112747.jpg;158;202;664;211;669;785;149;785
zaal_5/IMG_20190323_112800.jpg;249;92;1212;95;1258;907;216;910
zaal_6/IMG_20190323_112904.jpg;263;160;1306;185;1291;873;270;891
zaal_6/IMG_20190323_112910.jpg;220;141;1144;160;1134;867;231;877
zaal_6/IMG_20190323_112917.jpg;322;262;1096;268;1098;816;325;819
zaal_6/IMG_20190323_112923.jpg;177;114;1188;103;1181;902;188;896
zaal_6/IMG_20190323_112927.jpg;279;146;1303;145;1306;939;280;945
zaal_6/IMG_20190323_112938.jpg;57;222;797;228;796;746;70;740
zaal_6/IMG_20190323_112947.jpg;55;115;1399;151;1376;911;57;896
zaal_6/IMG_20190323_112956.jpg;101;140;694;152;674;848;118;843
zaal_6/IMG_20190323_113018.jpg;192;72;1237;87;1220;938;200;942
zaal_6/IMG_20190323_113025.jpg;273;162;1052;169;1044;851;279;851
zaal_7/IMG_20190323_113057.jpg;80;143;703;149;706;884;75;908
zaal_7/IMG_20190323_113103.jpg;277;162;1158;165;1161;896;280;911
zaal_7/IMG_20190323_113114.jpg;137;129;1333;148;1334;973;137;996
zaal_7/IMG_20190323_113121.jpg;205;171;1149;183;1137;859;211;854
zaal_7/IMG_20190323_113129.jpg;50;163;712;162;683;887;57;873
zaal_7/IMG_20190323_113134.jpg;77;195;735;206;712;789;89;797
zaal_7/IMG_20190323_113141.jpg;44;169;748;186;725;894;55;893
zaal_7/IMG_20190323_113148.jpg;129;239;587;239;580;737;141;737
zaal_7/IMG_20190323_113202.jpg;320;226;1177;242;1134;763;345;759
zaal_7/IMG_20190323_113208.jpg;89;66;777;70;782;857;67;865
zaal_7/IMG_20190323_113216.jpg;216;151;1271;145;1265;924;222;918
zaal_8/IMG_20190323_113257.jpg;49;101;714;112;689;865;64;868
zaal_8/IMG_20190323_113303.jpg;57;131;737;151;728;905;69;930
zaal_8/IMG_20190323_113309.jpg;83;104;732;106;708;823;100;820
zaal_8/IMG_20190323_113317.jpg;168;69;1320;70;1317;972;188;979
zaal_8/IMG_20190323_113333.jpg;50;109;739;104;720;944;69;934
zaal_8/IMG_20190323_113340.jpg;69;37;742;43;714;865;86;867
zaal_8/IMG_20190323_113346.jpg;189;237;626;245;609;759;197;763
zaal_8/IMG_20190323_113351.jpg;254;84;1303;109;1238;930;300;947
zaal_8/IMG_20190323_113355.jpg;205;69;1258;84;1323;992;160;1010
zaal_8/IMG_20190323_113401.jpg;268;174;1243;188;1251;925;273;942
zaal_9/IMG_20190323_113653.jpg;203;138;1141;158;1134;928;192;941
zaal_9/IMG_20190323_113701.jpg;72;95;731;123;698;873;77;857
zaal_9/IMG_20190323_113728.jpg;188;91;1215;98;1195;942;202;934
zaal_9/IMG_20190323_113734.jpg;231;123;1104;118;1096;746;254;759
zaal_9/IMG_20190323_113739.jpg;248;137;1249;131;1231;851;265;851
zaal_9/IMG_20190323_113745.jpg;108;10;789;16;739;897;135;894
